number,title,doi,zenodo_id,slug,portfolios,tags,explainer,status,notes,audit_confidence,audit_priority,audit_note
200,The Fano-Foam Manifold,10.5281/zenodo.19869263,19869263,10.5281-zenodo.19869263,B,foundations|geometry|fano|g2,True,published,,C,HIGH,Many versions; pre-ISA opcode names; excluded-volume claims unvalidated
201,The Maslov-Gibbs Einsum (MGE),10.5281/zenodo.17981393,17981393,10.5281-zenodo.17981393,A,core-engine|optimisation|ai-ml|tropical,True,published,,B,MED,Core paper; audit opcode names (FLOP/FLIP) vs canonical post-Paper-318
202,Topological Resonance Synthesis (TRS),10.5281/zenodo.19858021,19858021,10.5281-zenodo.19858021,A,core-engine|optimisation|ai-ml|geometry,True,published,,C,HIGH,Pre-stabilisation TRS manifesto; Palmer/p-adic claims broad; opcode names stale
203,The Unitary Resonance Network (URN),10.5281/zenodo.20086746,20086746,10.5281-zenodo.20086746,C,hardware-ai|ai-ml|continual-learning,True,published,,D,HIGH,Madelung transform error (applies to Schrödinger not NS); claim needs correction notice
205,The Resonance Processing Unit (RPU),10.5281/zenodo.19743800,19743800,10.5281-zenodo.19743800,C,hardware-ai|qec|hardware,True,published,,D,HIGH,Hardware claims; no simulation; pre-ISA naming
206,Fibrational Tensor Codes (FTCs),10.5281/zenodo.19821692,19821692,10.5281-zenodo.19821692,C,hardware-ai|qec|fano|g2,True,published,,D,HIGH,G2 fiber bundle QEC; no experiment
207,The 731-Calculus (Part 1),10.5281/zenodo.19713350,19713350,10.5281-zenodo.19713350,B,foundations|geometry|fano|category-theory,True,published,,C,HIGH,Earliest ISA paper; BIND/CLEAVE/REL→SPLIT/SPLAT/FLOP throughout
208,The Magmoidal Cipher,10.5281/zenodo.19826357,19826357,10.5281-zenodo.19826357,D,protocols|cryptography|post-quantum,False,published,,D,MED,Cryptography claims; no attack analysis or security proof
209,Nuclear Magic Numbers and Exceptional Lie Algebras,10.5281/zenodo.19960385,19960385,10.5281-zenodo.19960385,B,foundations|g2|octonions|number-theory,False,published,,B,MED,G2 as symmetry label not force — check framing
210,"Electron Shell Structure and Exceptional Lie Algebras: Shell Capacities, the Division Algebra Ladder, and the Lanthanide Contraction as G₂ Rigidity",10.5281/zenodo.19964651,19964651,10.5281-zenodo.19964651,B,foundations|g2|octonions,False,published,,B,MED,Same as 209; G2 as label not force
211,Non-Associative Calculus,10.5281/zenodo.20025384,20025384,10.5281-zenodo.20025384,A|B,foundations|core-engine|calculus|g2|octonions,True,published,,B,MED,v2.0 exists; Cauchy-Fueter claim needs specialist check
212,"Geometric Code Switching: PG(2,2) → PG(3,2) Projective Envelopes, Transversal CCZ, and a Geometric Primitive for Grover's Diffusion Operator",10.5281/zenodo.19929360,19929360,10.5281-zenodo.19929360,C,hardware-ai|qec|fano|hardware,False,published,,C,MED,Projective envelope claim; partial experiment
214,"Non-Associative Knowledge Hypergraphs: Fano-Structured RAG, Irreducible Ternary Relations, and Thermodynamic Retrieval via the MGE Router",10.5281/zenodo.20060286,20060286,10.5281-zenodo.20060286,,,False,draft,,?,?,Added from Zotero via Zenodo API
214,"Non-Associative Knowledge Hypergraphs: Fano-Structured RAG, Irreducible Ternary Relations, and Thermodynamic Retrieval via the MGE Router",10.5281/zenodo.20060285,20060285,10.5281-zenodo.20060285,,,False,published,,B,MED,Recovered from existing website folders
217,Fibrational Lattice Surgery (FLS),10.5281/zenodo.19922441,19922441,10.5281-zenodo.19922441,C,hardware-ai|qec|hardware,True,published,,C,MED,LS2.0 claims; no QEC simulation
218,Thermodynamic Routing of Stale Gradients,10.5281/zenodo.20077198,20077198,10.5281-zenodo.20077198,C,hardware-ai|ai-ml|optimisation|distributed,True,published,,B,LOW,x218 experiment exists; ring all-reduce claim plausible
219,"An Adelic Invitation: Observations on Non-Associativity, Division Algebras, and the Next Computational Paradigm",10.5281/zenodo.19977475,19977475,10.5281-zenodo.19977475,B,foundations|octonions|calculus,False,published,,C,MED,Survey/manifesto; aspirational claims not proved
221,Non-Associative Information Geometry,10.5281/zenodo.20076498,20076498,10.5281-zenodo.20076498,C,hardware-ai|ai-ml|geometry|fano,False,published,,A,LOW,Fano-Fisher theorem proved SHA 91b6a3a ✓
222,Non-Associative Quantum Error Correction (NA-QEC): The Exceptional Jordan-KL Condition and Rank-1 Idempotents in G₂ Topologies,10.5281/zenodo.20088536,20088536,10.5281-zenodo.20088536,C|F,qec|quantum-foundations|g2|octonions,False,published,,D,HIGH,Jordan-KL condition; no QEC simulation; exceptional Jordan details unverified
223,"Fano Resonance Networks (Fano-RNs): The Associator Correction Tensor, Malcev Gradients, and a Convergence Theorem for Non-Associative Backpropagation",10.5281/zenodo.20088805,20088805,10.5281-zenodo.20088805,A|C,ai-ml|fano|g2|optimisation,False,published,,C,MED,Non-assoc backprop convergence theorem — proof sketch only
235,"The Non-Associative No-Cloning Theorem and the Fano-Token: Target Obstruction, Map Collapse, and Active Forgery Detection via the Exceptional Jordan Algebra $\mathfrak{J}_{3}(\mathbb{O})$",10.5281/zenodo.20100531,20100531,10.5281-zenodo.20100531,,,False,draft,,?,?,Added from Zotero via Zenodo API
240,The Riemann Spectrometer,10.5281/zenodo.19824028,19824028,10.5281-zenodo.19824028,E,grand-challenges|number-theory|riemann|g2,True,published,,C,HIGH,Automorphic forms claims; framed as questions but may be cited as results
258,The Origami ISA,10.5281/zenodo.19916429,19916429,10.5281-zenodo.19916429,C,hardware-ai|hardware|instruction-set|fano,True,published,,B,MED,Core ref paper; v2.0 added §2.5; audit opcode names throughout
263,The Architecture of Inevitability,10.5281/zenodo.19928880,19928880,10.5281-zenodo.19928880,B,foundations|geometry|magic-square|octonions,True,published,,C,MED,Freudenthal-Tits claims structurally correct; blueprint framing overstates
265,The ζ(21) Apéry Ladder,10.5281/zenodo.20029647,20029647,10.5281-zenodo.20029647,E,grand-challenges|number-theory|recurrence|g2,True,published,,B,MED,4-term recurrence — verify labelled conjecture not theorem throughout
266,Geometric Shadows in Apéry's Polynomial,10.5281/zenodo.20031913,20031913,10.5281-zenodo.20031913,E,grand-challenges|number-theory|recurrence|g2,True,published,,B,MED,G2 factorisation of Apéry polynomial — check proof
267,"The Fano-SYK Model: Bruhat-Tits Buildings, Non-Associative Fermionic Couplings, and the Geometric Impedance of Pre-Thermal Scrambling",10.5281/zenodo.20057808,20057808,10.5281-zenodo.20057808,B|F,quantum-foundations|fano|g2|number-theory,False,published,,C,MED,SYK non-associativity claim; no numerical SYK simulation
268,"The Spacelike Associator Paradox: Sequential Quantum Channels, Non-Associative Measurement Back-Action, and the Causal Firewall of the G₂ Vacuum",10.5281/zenodo.20058013,20058013,10.5281-zenodo.20058013,F,quantum-foundations|fano|g2,False,published,,C,HIGH,Causal firewall of G2 vacuum; spacelike non-associativity — very strong claim
269,Hardy's Paradox and the Fano Associator: A Geometric Diagnosis of Quantum Contextuality,10.5281/zenodo.20058083,20058083,10.5281-zenodo.20058083,F,quantum-foundations|fano|contextuality,False,published,,C,MED,Contextuality via associator; check Hardy argument carefully
270,The Fano Monogamy Paradox,10.5281/zenodo.20058092,20058092,10.5281-zenodo.20058092,F,quantum-foundations|entanglement|fano,True,published,,C,MED,Three-body entanglement via G2; monogamy inequality — check
271,"The Self-Dual G₂ Architecture: Pachner Unitarity, CSS Symmetry, and the Crystal Spectrum Halving",10.5281/zenodo.20101634,20101634,10.5281-zenodo.20101634,B|C,foundations|fano|g2|hardware,False,published,,C,MED,Pachner unitarity + CSS symmetry + crystal spectrum halving
274,"The Quaternionic Virtual Machine (Q-VM): Quaternionic Chirality, Spinorial Routing, and the Causal Firewall of the R-C-H-O Operating System",10.5281/zenodo.20060303,20060303,10.5281-zenodo.20060303,C,hardware-ai|hardware|octonions,False,published,,C,MED,Quaternionic chirality + causal firewall R-C-H-O — speculative
275,Volume of Thought (VoT) and Topological Agentic Swarms: Scaling Multi-Agent AI via Sheaf Cohomology and the Origami ISA,10.5281/zenodo.20059019,20059019,10.5281-zenodo.20059019,A|C,ai-ml|multi-agent|volume-of-thought|sheaf-cohomology|h1|condorcet|origami-isa|mge|fano|thermodynamics,True,published,,C,MED,Temporal concurrency → geometric contradiction via MGE — speculative
281,The 731 Frog Calculus (Part 2),10.5281/zenodo.20139448,20139448,10.5281-zenodo.20139448,B,foundations|geometry|fano|category-theory,True,published,,C,MED,Ribbon-leg syntax; check opcode names vs canonical
285,G₂-Symmetric Stabilisation of Magnetic Hopfions: A Fano-Constraint Conjecture and Topological Ground State Computation,10.5281/zenodo.20127776,20127776,10.5281-zenodo.20127776,B,foundations|fano|g2|octonions,False,published,,B,LOW,x285 fixed SHA 08eb202; Q=0.61→1 ✓
286,Conserved Computation,10.5281/zenodo.20127517,20127517,10.5281-zenodo.20127517,A,core-engine|geometry|noether|g2,True,published,,B,MED,Monadic descent + G2 thermodynamic logic — check
289,The Temperature of Rationality: Maslov-Gibbs Ensemble as a Foundation for Heterogeneous-Agent Economics,10.5281/zenodo.20234841,20234841,10.5281-zenodo.20234841,G,economics|thermodynamics|agent-based-models|ai-ml,True,published,,B,LOW,Framework-level economics claims; sound
291,The Topology of Conservation: Double-Entry Accounting as a Discrete Gauge Theory of Macroeconomics,10.5281/zenodo.20234853,20234853,10.5281-zenodo.20234853,G,economics|gauge-theory|topology|thermodynamics,True,published,,B,LOW,Double-entry as discrete gauge theory; sound
292,Beyond DAGs: A Non-Associative Algebra of Policy Interventions,10.5281/zenodo.20234870,20234870,10.5281-zenodo.20234870,G,economics|non-associative-algebra|causality,True,published,,C,MED,DAG replacement by non-assoc algebra — bold; check
293,"Thermal Attribution: Differentiable Shapley Values, Latent Bottlenecks, and the Tropical Limit of Cooperative Game Theory",10.5281/zenodo.20236870,20236870,10.5281-zenodo.20236870,G,economics|thermodynamics|attribution|ai-ml,True,published,,B,LOW,Shapley + tropical limit; x293 exists
294,"Thermodynamic Information Routing: A Unified Framework for Gibbs Aggregation Across Economics, Computation, and Knowledge Retrieval",10.5281/zenodo.20237288,20237288,10.5281-zenodo.20237288,G|A,economics|thermodynamics|information-routing|ai-ml,True,published,,B,LOW,Framework survey; no strong falsifiable claims
295,Currency Bundles: Foreign Exchange as Connection Curvature on the Pacioli Manifold,10.5281/zenodo.20242355,20242355,10.5281-zenodo.20242355,G,economics|gauge-theory|foreign-exchange|curvature,True,published,,B,LOW,FH transition map added; gauge group correct
296,Term Structure Bundles: Interest Rates as Temporal Connections on the Pacioli Manifold,10.5281/zenodo.20244445,20244445,10.5281-zenodo.20244445,G,economics|gauge-theory|interest-rates|term-structure,True,published,,B,LOW,HJM/LMM hierarchy; FH native (R_{>0}×) — check continuum limit
297,The Geometry of the Euler–Mascheroni Constant,10.5281/zenodo.20139443,20139443,10.5281-zenodo.20139443,E,number-theory|geometry|thermodynamics|holonomy,True,published,,B,MED,Holonomy defect = γ claim; crystallisation residue interpretation
298,Credit Bundles: Survival Probabilities as Parallel Transport on the Pacioli Manifold,10.5281/zenodo.20257596,20257596,10.5281-zenodo.20257596,G,economics|gauge-theory|credit-risk|parallel-transport,True,published,,B,LOW,Survival prob as parallel transport; FGT extension
299,Valuation Adjustments as Curvature: XVA in Financial Gauge Theory,10.5281/zenodo.20257725,20257725,10.5281-zenodo.20257725,G,economics|gauge-theory|xva|curvature,False,published,,B,LOW,CVA/DVA/FVA as curvature; no numerical validation
299,Valuation Adjustments as Curvature: XVA in Financial Gauge Theory,10.5281/zenodo.20257724,20257724,10.5281-zenodo.20257724,,,True,published,,B,MED,Recovered from existing website folders
300,"Economic Gauge Theory: Stock-Flow Consistency, Thermodynamic Constraints, and Climate Risk on the Pacioli Manifold",10.5281/zenodo.20259495,20259495,10.5281-zenodo.20259495,G,economics|gauge-theory|stock-flow-consistency|climate,True,published,,B,LOW,SFC as gauge theory; Leontief as holonomy
301,A Primer on Economic Gauge Theory,10.5281/zenodo.20259505,20259505,10.5281-zenodo.20259505,G,economics|gauge-theory|thermodynamics,True,published,,B,LOW,Gauge group corrected to (R_{>0}×); Noether application sound
305,Differentiable Agent-Based Macroeconomics: A Gauge-Theoretic Digital Twin on the Pacioli Manifold,10.5281/zenodo.20261945,20261945,10.5281-zenodo.20261945,G,economics|agent-based-models|differentiable-programming|ai-ml,True,published,,C,MED,Digital twin claims; no ABM simulation
306,The Pacioli Combinator Library: A Universal Domain-Specific Language for Financial and Economic Computation,10.5281/zenodo.20262070,20262070,10.5281-zenodo.20262070,G,economics|dsl|programming|gauge-theory,True,published,,C,MED,DSL claims; no implementation demonstrated
309,Temperature Without Thermodynamics: The Missing Free Energy Principle in Deep Learning,10.5281/zenodo.20269977,20269977,10.5281-zenodo.20269977,A|C,ai-ml|thermodynamics|optimisation,False,published,,B,LOW,Free energy in deep learning; conceptually sound
310,In Praise of Qudits: Why Higher-Dimensional Quantum Systems Deserve Centre Stage,10.5281/zenodo.20269991,20269991,10.5281-zenodo.20269991,F|C,quantum-foundations|hardware|qec,False,published,,B,LOW,Remark 4.1 added; bib DOIs fixed ✓
311,"The Climate Hazard Yield Surface: A Geometric Framework for the Economics of Climate Action, with Per-Household Dollar Translation and the Doomsday Clock Isocurve",10.5281/zenodo.20291646,20291646,10.5281-zenodo.20291646,G,economics|climate|policy|gauge-theory,True,published,,B,LOW,$487k/hh by 2075 — check derivation
312,Stochastic Tipping Points and the Option Value of Early Climate Investment,,,,G,economics|climate|stochastic|real-options,False,draft,,?,?,
313,Thermal Economics: Implicit Differentiation Through Fixed Points as a Unifying Schema for Differentiable Economics,10.5281/zenodo.20318505,20318505,10.5281-zenodo.20318505,G,economics|thermodynamics|differentiable-programming|ai-ml,False,published,,B,LOW,5-step IFT schema; 7-instance table — check each instance
314,SoftLeontief: Differentiable Input-Output Analysis and Supply-Chain Reverse Stress Testing,,,,G,economics|differentiable-programming|supply-chain|leontief,False,draft,,?,?,
315,"Differentiable Nash Equilibria: Quantal Response Equilibrium as Implicit Differentiation Through a Game-Theoretic Fixed Point, with Applications to Coalition Stability and Climate Policy Design",10.5281/zenodo.20318527,20318527,10.5281-zenodo.20318527,G,economics|game-theory|differentiable-programming|climate,False,published,,B,LOW,Gibbs annealing Nash convergence; x315 exists
316,EconIAC: MONIAC for the 21st Century — Differentiable Macroeconomics via the Gibbs Ensemble,10.5281/zenodo.20315689,20315689,10.5281-zenodo.20315689,G,economics|differentiable-programming|thermodynamics|agent-based-models,False,published,,B,LOW,MONIAC analogy; conceptually clear
317,"The G₂ Boltzmann Machine: Reviving Thermodynamic Learning via MGE, Fano Couplings, and RSB Memory",10.5281/zenodo.20319577,20319577,10.5281-zenodo.20319577,B,fano|g2|ai-ml|thermodynamics,False,published,,A,LOW,x317: MGE vs CD-k +0.92 nats/sample ✓
318,"Virtual Monopoles in the FeMo-Cofactor: G₂ Symmetry, Non-Associative Bond Breaking, and Nitrogenase as a Pachner-Move Computer",10.5281/zenodo.20346650,20346650,10.5281-zenodo.20346650,B,fano|g2|octonions|biophysics,True,published,,A,LOW,S=3/2 confirmed x318b ✓; opcodes corrected ✓
319,The Broken Line: Fano Topology and Passive Quantum Error Correction in Photosynthetic Light-Harvesting,10.5281/zenodo.20369283,20369283,10.5281-zenodo.20369283,B|F,fano|biophysics|qec|quantum-foundations,False,published,,B,LOW,η=0.1825 reproduced via x356b ✓
321,Evolutionary Quantum Programming: The 731 ISA as a Rosetta Stone for Directed Energy Transfer in Biology,10.5281/zenodo.20393465,20393465,10.5281-zenodo.20393465,B,fano|biophysics|origami-isa|evolution,True,published,,B,LOW,Rosetta stone framing; BIND theorem — check vs Paper 447
323,Fano-Guided Search for High-Winding Equal-Mass Three-Body Choreographies,10.5281/zenodo.20369300,20369300,10.5281-zenodo.20369300,B|E,fano|three-body|choreography|ai-for-science,True,published,,B,LOW,Fano search heuristics; x-series exists
324,The Decoding Engine: How the Ribosome Reads the Genetic Code as a Topological Error-Correcting Computation,10.5281/zenodo.20400652,20400652,10.5281-zenodo.20400652,B,fano|biophysics|qec|origami-isa,False,published,,B,LOW,6/7 Fano coverage at q=0.25 ✓; ribosome claim solid
325,The Topological Heat Engine: The 6-7 Architecture as a Thermodynamic Diode,10.5281/zenodo.20400638,20400638,10.5281-zenodo.20400638,A,fano|thermodynamics|biophysics|quantum-foundations,True,published,,A,LOW,η=0.1825 reproduced ✓; snap event well-defined
329,Three-Body Choreographies as Chladni Resonances on a G₂ Hyperdrum,10.5281/zenodo.20625170,20625170,10.5281-zenodo.20625170,B|E,fano|g2|three-body|choreography,False,published,,C,MED,G2 hyperdrum + Jordan algebra routing — ambitious
347,Spiders for Spectra: An Associative Diagrammatic Calculus for Atomic Structure with the Boundary at the G₂ Wall,10.5281/zenodo.20458995,20458995,10.5281-zenodo.20458995,B,fano|g2|spectroscopy|origami-isa,False,published,,B,LOW,Atomic structure via FLIP/FLOP; x347 exists
348,Spiders for Nuclei: An Associative Diagrammatic Calculus for Nuclear Spectroscopy with the G₂ Wall at the 1g9/2 Shell,10.5281/zenodo.20490046,20490046,10.5281-zenodo.20490046,B,fano|spectroscopy|origami-isa|nuclear-physics,False,published,,B,MED,3NF=0.318% non-assoc; check Pandya sign convention
349,The Origami Calculus,10.5281/zenodo.20474914,20474914,10.5281-zenodo.20474914,B|C,fano|origami-isa|category-theory|hardware,False,published,,B,MED,Completeness claimed; Paper 469 now gives actual proof — add citation
350,Spiders for Quarkonium: Origami Diagrams for Exotic Meson Spectroscopy,10.5281/zenodo.20490294,20490294,10.5281-zenodo.20490294,B,fano|spectroscopy|origami-isa|particle-physics,False,published,,B,LOW,X(3872) C-parity ✓ (x354f)
355,The Origami ISA as a Quantum Error Correction Compiler,10.5281/zenodo.20498143,20498143,10.5281-zenodo.20498143,C|F,qec|origami-isa|hardware|fano,False,published,,C,MED,Zero-overhead CCZ claim; no end-to-end compilation demonstrated
357,The Origami ISA as a Structural Model for MIP* Verification,10.5281/zenodo.20516899,20516899,10.5281-zenodo.20516899,F|B,quantum-foundations|fano|origami-isa|complexity,True,published,,A,LOW,All 6 experiments pass ✓; SHAs cited
359,The GHZ-Fano Game Is a Complete Self-Test: Linear Robustness from PSL(2-7) Symmetry,10.5281/zenodo.20541989,20541989,10.5281-zenodo.20541989,F,quantum-foundations|fano|self-test|qec,False,published,,B,MED,"Linear robustness from PSL(2,7) — check self-test proof"
361,Fano Orbit Decomposition of Magic: Wigner Negativity as Broken-Line Activation in the 3-Qubit Phase Space,10.5281/zenodo.20541583,20541583,10.5281-zenodo.20541583,F,fano|magic|wigner|phase-space|orbit-valence,True,published,,B,MED,Wigner negativity as broken-line activation — check vs Paper 470
363,Fano Geometry as a Unifying Language for Quantum Error Correction: Stabiliser Codes Magic States and Self-Testing from a Single Projective Plane,10.5281/zenodo.20541595,20541595,10.5281-zenodo.20541595,F|C,fano|qec|steane-code|magic|self-testing|stabiliser|wigner|orbit-valence|ghz|psl27,True,published,,B,MED,Stabiliser codes + magic + self-testing from Fano — check vs Paper 469/470
365,The Fano Magic State Factory: Orbit-Valence Post-Selection Dominates Total-Negativity Post-Selection for Coherent Gate Errors,10.5281/zenodo.PENDING,PENDING,10.5281-zenodo.PENDING,C|F,fano|magic|qec|hardware|orbit-valence,False,draft,,?,?,
366,A Valence Theory of Quantum Magic: Fano Orbit Structure of the 3-Qubit Phase Space and the CS Magic Composition Theorem,10.5281/zenodo.20541665,20541665,10.5281-zenodo.20541665,F,fano|magic|orbit-valence|wigner|quantum-foundations,True,published,,B,MED,CS magic composition theorem — check vs Paper 469/470
367,Magic-Valence Nonlocal Games: The Fano Line Verification Game and Orbit-Typed Bell Inequalities,10.5281/zenodo.20548989,20548989,10.5281-zenodo.20548989,F,fano|magic|nonlocal-games|bell|quantum-foundations,False,published,,B,MED,Fano orbit structure as quantum advantage witness — check game
370,The Origami ISA as Nature's Universal Computer: One Instruction Set Twenty Orders of Magnitude,10.5281/zenodo.20543454,20543454,10.5281-zenodo.20543454,A|B,origami-isa|fano|spectroscopy|universal-computer,True,published,,C,HIGH,'One instruction set twenty orders of magnitude' — very broad; each claim needs checking
372,Magic Flow in the Origami ISA: How Non-Clifford Resources Propagate Through Fano-Structured Circuits,10.5281/zenodo.20584547,20584547,10.5281-zenodo.20584547,C|F,fano|magic|origami-isa|orbit-valence|qec,False,published,,B,LOW,Island graphs + orbit-valence magic current; x-series exists
374,Spectroscopic Circuits Are Small: Origami ISA Programs for Nuclear Recoupling Quarkonium and Molecular Symmetry,10.5281/zenodo.20584560,20584560,10.5281-zenodo.20584560,B,fano|spectroscopy|origami-isa|nuclear-physics,False,published,,B,LOW,Selection rules as excluded volume; x-series exists
377,Three-Body Orbits as Origami ISA Programs: Choreographic Solutions via Fano-Structured Phase Space,10.5281/zenodo.20586817,20586817,10.5281-zenodo.20586817,B|E,fano|three-body|origami-isa|choreography,False,published,,B,LOW,Fano search heuristics; x-series exists
383,The Inverse Bohr Problem: Spectroscopic Circuits as Quantum Simulations of Atomic Structure,10.5281/zenodo.20586823,20586823,10.5281-zenodo.20586823,B,fano|spectroscopy|origami-isa|atomic-physics,False,published,,C,MED,"PSL(2,7) as Planck constant of 3-body — ambitious claim"
385,The SQU TriQ and SevenQ: Standard Hardware Registers for the Origami ISA,10.5281/zenodo.20581486,20581486,10.5281-zenodo.20581486,C,fano|hardware|origami-isa|qec|orbit-valence,True,published,,C,MED,Standard hardware proposals; no fabrication
386,In Praise of Tetrahedra: Why Four Objects Change Everything,10.5281/zenodo.20581484,20581484,10.5281-zenodo.20581484,C|F,fano|recoupling|6j-symbol|tetrahedron|origami-isa|cohomology|abelian,False,published,,B,LOW,Conceptually sound survey
387,Beyond Gottesman-Knill: Orbit Valence as a Finer Simulability Boundary,10.5281/zenodo.20581492,20581492,10.5281-zenodo.20581492,F,fano|magic|gottesman-knill|simulability|orbit-valence,False,published,,B,MED,Orbit valence as simulability boundary — check vs Paper 470
388,Three Routes to Zero-Overhead Non-Clifford Gates: Gauge Selection Gauge Injection and Gauge Distillation,10.5281/zenodo.20581494,20581494,10.5281-zenodo.20581494,C|F,fano|magic|qec|hardware|eastin-knill,False,published,,B,MED,Zero-overhead claim — check experiment
390,Spooky Action Revisited: Bell Non-Locality as Fano-Line Incompatibility in the 3-Qubit Phase Space,10.5281/zenodo.20581496,20581496,10.5281-zenodo.20581496,F,fano|bell|nonlocality|quantum-foundations|phase-space,False,published,,B,MED,Entanglement topology + magic valence as independent — check
393,Projective Geometry as the Mother Tongue of Quantum Mechanics: From Brody & Hughston's CP^n to the Fano Orbit Decomposition,10.5281/zenodo.20634729,20634729,10.5281-zenodo.20634729,F|B,fano|projective-geometry|quantum-foundations|wigner|metaplectic|category-theory|brody-hughston,True,published,,B,LOW,Brody-Hughston + Fano orbit decomposition; survey
396,The Unhedgeability Theorem: Sheaf Cohomology of Interaction Diagrams and the Topology of Financial Risk,10.5281/zenodo.20635479,20635479,10.5281-zenodo.20635479,G|B,sheaf-cohomology|economics|gauge-theory|origami-isa,True,published,,B,MED,Sheaf cohomology of interaction diagrams — check theorem
397,Systemic Risk as H²: Cohomological Stress Testing the Unhedgeable Residual and Why the 2008 Crisis Was a Topological Event,10.5281/zenodo.20642908,20642908,10.5281-zenodo.20642908,G|B,sheaf-cohomology|systemic-risk|xva|wrong-way-risk|sifi|contagion|pentagon|stress-testing|econiac,True,published,,B,LOW,Cohomological stress testing; 2008 = topological event
398,The Topology of Risk: A Primer on Cohomology for Financial Practitioners,10.5281/zenodo.20642983,20642983,10.5281-zenodo.20642983,G|B,sheaf-cohomology|primer|bilateral-risk|triangular-risk|systemic-risk|xva|2008-crisis|econiac|tutorial,True,published,,B,LOW,H^k cohomology for finance; primer; sound
399,The Origami ISA as Financial Middleware: SPLIT and SPLAT as the Cech Coboundary Model-Free XVA and the Unification of Four Computational Paradigms,10.5281/zenodo.20645695,20645695,10.5281-zenodo.20645695,F|G|B,origami-isa|cech-cohomology|xva|model-free|pentagon|financial-middleware|econiac|sheaf-cohomology,True,published,,B,MED,SPLIT/SPLAT as Cech coboundary; model-free XVA — check
403,Tipping Points Are Topological: Sheaf Cohomology of the Climate System and the H¹-Corrected Social Cost of Carbon,10.5281/zenodo.20653285,20653285,10.5281-zenodo.20653285,B|G,sheaf-cohomology|climate|tipping-points|social-cost-of-carbon|h1-cohomology|armstrong-mckay|paris-targets|econiac,True,published,,B,MED,Sheaf cohomology of climate; H1-corrected SCC — check
404,The Origami ISA and the State Hidden Subgroup Problem: SPLAT as Fourier Sampling,10.5281/zenodo.20667167,20667167,10.5281-zenodo.20667167,F|C,origami-isa|state-hsp|splat|fourier-sampling|bell-sampling|stabiliser-learning|abelian|character-povm,True,published,,B,MED,SPLAT as Fourier sampling — check vs Paper 472 results
405,Non-Associative Hardware is Necessary for the Non-Abelian State Hidden Subgroup Problem: PSL(2-7) via the 731 ISA and the SevenQ Register,10.5281/zenodo.20667170,20667170,10.5281-zenodo.20667170,F|C,origami-isa|non-abelian|state-hsp|psl27|fano|spin-opcode|sevenq|associamancy|731-isa,True,published,,B,LOW,"PSL(2,7) via 731 ISA; SevenQ register"
406,Origami MBQC: The Origami ISA as a Measurement-Based Instruction Set,10.5281/zenodo.20667729,20667729,10.5281-zenodo.20667729,F|C,origami-isa|mbqc|fano-cluster-state|photonics|731-isa|spin-opcode|measurement-based|cluster-state,True,published,,B,LOW,Origami MBQC; measurement-based instruction set
407,Associamancy: A Resource Theory of Non-Associative Quantum Magic,10.5281/zenodo.20667174,20667174,10.5281-zenodo.20667174,F|C,associamancy|schur-boundary|frobenius-schur|resource-theory|non-associative|magic|psl27|freudenthal|731-isa,False,published,,B,MED,Non-assoc magic resource theory — check vs Paper 470 three-tier classification
408,The Fano Plane is the Right Way to Think About Qubits: A Practitioner's Guide to the Origami ISA and Associamancy,10.5281/zenodo.20667176,20667176,10.5281-zenodo.20667176,F|C,origami-isa|primer|fano|associamancy|magic|stabiliser|731-isa|qec|tutorial,True,published,,B,LOW,Practitioner's guide; ISA primer; sound
409,EconIAC: A Differentiable Economics Engine — Overview Mathematical Foundations and Reading Guide,10.5281/zenodo.20679006,20679006,10.5281-zenodo.20679006,G,econiac|overview|reading-guide|gauge-theory|sheaf-cohomology|pacioli|gibbs|systemic-risk|primer|tutorial,True,published,,B,LOW,Reading guide; sound
410,Spin Foams as Origami: Loop Quantum Gravity from the ISA Perspective,10.5281/zenodo.20680634,20680634,10.5281-zenodo.20680634,F|B,lqg|spin-foam|origami-isa|pachner|ponzano-regge|eprl|g2|barbero-immirzi|monopole|sevenq|non-associative,True,published,,C,MED,LQG from ISA perspective — bold; no LQG calculation
411,Origami ISA Pulse Sequences: Optimal Control of the 731 Gate Set — DRAG as ISA Typing Triality as Berry Phase and the G₂ Circuit Depth of the SPIN Opcode,10.5281/zenodo.20680609,20680609,10.5281-zenodo.20680609,F|C,origami-isa|pulse-control|grape|drag|triality|spin-opcode|berry-phase|g2|weyl-group|holonomic|transmon|trapped-ion|731-isa,True,published,,C,MED,DRAG as ISA typing; G2 circuit depth of SPIN opcode — check
412,The Origami ISA as a Typed Quantum DSL: Dependent Types Linear Types and the Schur Boundary as a Type Error,10.5281/zenodo.20681513,20681513,10.5281-zenodo.20681513,F|C,origami-isa|typed-dsl|linear-types|dependent-types|schur-boundary|associamancy|no-cloning|pentagon-identity|pacioli|combinator-library|type-theory,True,published,,C,MED,Dependent types + Schur boundary as type error — check
413,Molecular Machines as Origami ISA Programmes: Ribosomes Photosynthesis and Nitrogenase as Pachner-Move Computers,10.5281/zenodo.20682101,20682101,10.5281-zenodo.20682101,B,ribosome|fmo|nitrogenase|femoco|fano|6j-symbol|origami-isa|photosynthesis|molecular-machine|spectroscopy|g2|triality|broken-fano,True,published,,B,LOW,Primer for biologists; conceptually sound
415,H1=0 is the Performance Condition: Eight Algorithms as Origami ISA Programmes on Different Sheaves,10.5281/zenodo.20684509,20684509,10.5281-zenodo.20684509,F|C|G,sheaf-cohomology|h1|elastic-hashing|gemm|max-flow|cache-coherence|slam|mittag-leffler|consensus|tda|origami-isa|pentagon-identity|coboundary|temperature|complexity,True,published,Eight algorithms unified as ISA programmes on different sheaves,B,MED,Eight algorithms on sheaves — check each algorithm claim
417,Hodge Theory is the Smooth Limit of the Origami ISA: Discrete Algorithms as Tropical Shadows of Smooth Manifold Problems,10.5281/zenodo.20684838,20684838,10.5281-zenodo.20684838,F|C,hodge-theory|origami-isa|tropical|information-geometry|fisher-metric|parallel-transport|natural-gradient|spectral-gap|index-theorem|slam|trs|mge|harmonic-forms,True,published,Smooth limit of ISA; completes TRS/MGE programme,C,MED,Tropical shadows / smooth manifold claim — conceptually bold
418,Barren Plateaus are $H^1$: The Structural Null Space of the Quantum Fisher Information Matrix as Sheaf Cohomology,10.5281/zenodo.20694455,20694455,10.5281-zenodo.20694455,,,False,draft,,?,?,Added from Zotero via Zenodo API
419,The Forge ISA: A Temperature-Parameterised Instruction Set for Thermodynamic Computation,10.5281/zenodo.20694527,20694527,10.5281-zenodo.20694527,A,forge-isa|thermodynamic|beta|snap-event|vorton|gibbs|trs|temperature|phase-transition,True,published,,B,LOW,TRS mandate; snap event well-defined
420,The H^k Complexity Ladder: Sheaf Cohomology as a Pre-Diagnostic for Algorithmic Hardness,10.5281/zenodo.20773526,20773526,10.5281-zenodo.20773526,A,complexity|sheaf-cohomology|h0|h1|h2|bpp|bqp|pspace|p-np|beta-star|algorithmic-hardness,True,published,,B,MED,β2 jump at α*; routing algorithm claim; P=NP critique — check
426,Beyond Basel: A Cohomological Framework for Systemic Risk Regulation,10.5281/zenodo.20701683,20701683,10.5281-zenodo.20701683,G,systemic-risk|regulation|basel|g-sib|network-topology|sheaf-cohomology|betti-numbers|funding-loops|capital-requirements|lcr|nsfr|lender-of-last-resort|bagehot|mehrling|ccp|macroprudential|resolution|financial-stability|2008-crisis|marginal-capital-charge|deep-framework,True,published,,B,LOW,H^k systemic risk regulation; sound
427,"The XVA Desk Under the Deep Framework: How Financial Institutions Measure, Report, and Hedge Islands, Flatland, and Deep Risk",10.5281/zenodo.20701689,20701689,10.5281-zenodo.20701689,,,False,draft,,?,?,Added from Zotero via Zenodo API
428,"The Geometry of Money Creation: Mehrling's Hierarchy, Minsky's Instability, and the Network Structure of Endogenous Money",10.5281/zenodo.20701693,20701693,10.5281-zenodo.20701693,,,False,draft,,?,?,Added from Zotero via Zenodo API
429,"The Cohomological Fund Manager: Asset Allocation, ALM, and Currency Overlays Under the Deep Framework",10.5281/zenodo.20702221,20702221,10.5281-zenodo.20702221,,,False,draft,,?,?,Added from Zotero via Zenodo API
430,The Topology of Intermediation: Broker-Dealers Prime Brokerage and the Deep Framework for Market-Making Risk,10.5281/zenodo.20694463,20694463,10.5281-zenodo.20694463,G,broker-dealer|prime-brokerage|market-making|deep-framework|h1|h2|systemic-risk|rehypothecation|funding-loops|collateral,False,published,,B,LOW,Broker-dealer risk under Deep Framework; sound
433,The Climate Deep: Tipping Cascades Stranded Assets and the Joint Topology of Physical and Financial Risk,10.5281/zenodo.20733942,20733942,10.5281-zenodo.20733942,G,climate|tipping-cascades|stranded-assets|h2|deep-framework|systemic-risk|physical-risk|financial-risk|carney|level-6,False,published,,B,LOW,Joint topology physical + financial risk; sound
437,"Sheaf Equilibria: From Nash to Ostrom to the Deep — A Cohomological Theory of Strategic Interaction, the Tragedy of the Commons, and Why Some Coordination Problems Have No Bilateral Solution",10.5281/zenodo.21158963,21158963,10.5281-zenodo.21158963,,,False,draft,,?,?,Added from Zotero via Zenodo API
438,CIP Deviation as Persistent H1: Regulatory Capital as a Curvature Floor,10.5281/zenodo.20739969,20739969,10.5281-zenodo.20739969,G,cip|covered-interest-parity|cross-currency-basis|h1|curvature|regulatory-capital|leverage-ratio|lcr|nsfr|fx-swap|holonomy|swap-line,False,published,,B,MED,Regulatory capital as curvature floor — check
439,A Cohomological Theory of Clearing and Netting: Novation Compression and the Topology of Obligation,10.5281/zenodo.20740253,20740253,10.5281-zenodo.20740253,G,clearing|netting|ccp|novation|trade-compression|obligation-complex|beta1|cycle-basis|h2-impossibility|emir|dodd-frank|isda|fragmentation-penalty,False,published,patent-watch: provisional not yet filed; avoid promoting until decision made,B,MED,Novation/compression as topology; check Cech coboundary claim
440,Deep Instruments: Hedging H2 Risk with Index Swaps Contingent Claims and the Topology Mutual,10.5281/zenodo.20746204,20746204,10.5281-zenodo.20746204,G,deep-instruments|h2-risk|index-swap|topology-mutual|contingent-claim|fixed-point|stability|beta2|oracle|ccp|isda|coordination-failure|aig-spiral|central-bank|macroprudential,False,published,,B,LOW,H2 hedging with index swaps; sound
441,The Topology Trade: Trading and Investing Strategies from the Deep Framework,10.5281/zenodo.20746651,20746651,10.5281-zenodo.20746651,G,topology-trade|h1-arbitrage|holonomy|cip-basis|early-warning|systemic-risk-premium|h2-contributor|implicit-short-vol|aig|leading-indicator|beta1|beta2|macro-hedge-fund|relative-value|deep-framework|oracle,False,published,,B,LOW,Trading strategies from Deep Framework; sound
442,Differentiable Epidemics: Gibbs-Softened SIR and the Policy Gradient for Epidemic Control,,,,,differentiable-sir|epidemic|policy-gradient|adjoint|maslov|gibbs|soft-lockdown|vaccination|neural-ode|tropical|sir-model|covid,False,notes,,?,?,
443,Planck's Constant in Disguise: Five Classical Dualities as a Single Semiring Deformation,10.5281/zenodo.20752384,20752384,10.5281-zenodo.20752384,A,semiring-deformation|maslov|tropical|cole-hopf|black-scholes|sinkhorn|kantorovich|viterbi|forward-backward|hamilton-jacobi|schrodinger|burgers|planck|duality|unification,True,published,,B,LOW,Six dualities as semiring deformation; each duality plausible
444,Sector Dequantization: From Hubbard to BCS-BEC Nuclear Spectroscopy and the Dynamics of Symmetry Breaking,,,,,sector-dequantization|hubbard|heisenberg|ising|bcs-bec|ibm|bohr-mottelson|kibble-zurek|ssb|goldstone|renormalization-group|wigner|franck-condon|tropical|condensed-matter,False,notes,,?,?,
445,The Kitaev Menagerie in Origami: Topological Phases Anyon F-Matrices and the ISA Hierarchy,10.5281/zenodo.20752352,20752352,10.5281-zenodo.20752352,A,kitaev|toric-code|honeycomb|anyon|f-matrix|racah|6j-symbol|origami-isa|731-isa|frog-calculus|zx-calculus|topological-quantum-computation|ising-anyon|fibonacci-anyon|gibbs-isa|beta-scheduling|nishimori|h1-cohomology|error-correction|phase-transition|non-abelian,True,published,,A,LOW,x445c smoking-gun ✓; ISA hierarchy = anyon hierarchy
446,"The beta-Ladder of Exactly Solvable Quantum Models: XXZ, TFIM, String Nets, and Quantum Doubles as a Single ISA Family",10.5281/zenodo.21300651,21300651,10.5281-zenodo.21300651,,,False,draft,,?,?,Added from Zotero via Zenodo API
447,The Opcode Rosetta Stone: A Universal ISA Dictionary for Exactly Solvable Quantum Models,10.5281/zenodo.20761260,20761260,10.5281-zenodo.20761260,,,False,draft,,?,?,Added from Zotero via Zenodo API
451,Codon Recognition on S³ × S³ × S³: Product Manifold Geometry and Exact ΔΔG Additivity in Ribosomal Decoding,10.5281/zenodo.20761315,20761315,10.5281-zenodo.20761315,,,True,draft,,?,?,Added from Zotero via Zenodo API
452,Ribosomal Decoding as a Topological Carnot Cycle: Forge ISA Efficiency and the β-Ramp from Search to Snap,10.5281/zenodo.20767293,20767293,10.5281-zenodo.20767293,,,False,draft,,?,?,Added from Zotero via Zenodo API
453,Multi-Sector Forge ISA: Non-Commutativity of Sector Dequantizations and Annealing-Order-Dependent Computation,10.5281/zenodo.20773423,20773423,10.5281-zenodo.20773423,A,forge-isa|multi-sector|dequantization|hubbard|fisher-information|non-commutativity|annealing,False,published,,B,MED,Non-commutativity of sector dequantisations — check demonstration
454,The Meld ISA: Complex-MGE Quantum Algorithm Discovery and the T-Gate as Octonion Obstruction,10.5281/zenodo.20773563,20773563,10.5281-zenodo.20773563,A,meld-isa|quantum-computing|shor|qft|t-gate|clifford|bind|fano|hidden-subgroup|lwe|ml-kem|post-quantum|pqc|complex-mge|h2-cohomology,True,published,,B,MED,T-gate as octonion obstruction — check vs Paper 469/470 dark magic
455,The Origami ISA: Eight Derivations of a Universal Instruction Set,10.5281/zenodo.20774076,20774076,10.5281-zenodo.20774076,A,origami-isa|eight-derivations|pachner|wigner-racah|mac-lane|frobenius|fisher-information|hodge|shum|universal-instruction-set,True,published,,B,MED,Check all 8 derivations consistent with current canonical opcode names
456,The Alchemy of Distributions Revisited: Rank Transmutation Maps as Beta-Deformations of the Tropical Semiring,10.5281/zenodo.20784870,20784870,10.5281-zenodo.20784870,A,rank-transmutation|beta-deformation|tropical-semiring|fisher-information|order-statistics|optimal-transport|origami-isa|jacobi-polynomials|softmax|gibbs-ensemble|differentiable-distributions|sheaf-cohomology,True,published,,B,MED,Rank transmutation as β-deformation — check semiring structure
457,The Thermal AZ Table: Origami ISA Classification of the Tenfold Way and its Forge ISA Thermalisation,10.5281/zenodo.20955478,20955478,10.5281-zenodo.20955478,A|B,tenfold-way|az-table|origami-isa|forge-isa|symmetry-class|topological-insulator|kitaev|bott-periodicity|thermal-classification|superconductor,True,published,,B,MED,AZ tenfold-way via ISA — check each symmetry class mapping
458,The Thermal Archive: Differentiable PageRank and H1 Novelty Certificates for Equitable AI-Age Knowledge Production,10.5281/zenodo.20955482,20955482,10.5281-zenodo.20955482,G|A,pagerank|novelty|h1|citation-network|academic-reputation|ai-age|knowledge-production|thermal|differentiable|equitable|scientometrics,False,published,,C,MED,PageRank + H1 novelty certificates — no empirical benchmark
459,The Meld ISA and the Quaternionic Tenfold Way,10.5281/zenodo.20955486,20955486,10.5281-zenodo.20955486,A|B,meld-isa|quaternionic|tenfold-way|az-table|time-reversal|particle-hole|chiral|bott-periodicity|division-algebra,False,notes,,C,MED,Quaternionic AZ extension — check vs Paper 460 PT-symmetric arc
460,The Non-Hermitian ISA: PT Symmetry Exceptional Points and the 38-Fold Way,10.5281/zenodo.20955498,20955498,10.5281-zenodo.20955498,A|B,non-hermitian|pt-symmetry|exceptional-points|38-fold-way|origami-isa|skin-effect|non-hermitian-topology|bernard-leeclaire,False,notes,,C,MED,38-fold way claims — ambitious; check Bernard-LeClair classification
461,The Langlands Correspondence as an ISA Programme,10.5281/zenodo.20955508,20955508,10.5281-zenodo.20955508,A|E,langlands|automorphic-forms|galois|isa-programme|geometric-langlands|functoriality|origami-isa,False,notes,,C,LOW,Very ambitious; treat as speculative until experiments exist
462,"The Monetary Circuit as an ISA Programme: SPLIT, SPLAT, LABEL, TWIST, the Maslov Deformation, and the Fano Coloring of Consensus",10.5281/zenodo.21158947,21158947,10.5281-zenodo.21158947,,,False,draft,,?,?,Added from Zotero via Zenodo API
463,Crystal Money: A Block Complex for Geometric Ledgers,10.5281/zenodo.21158949,21158949,10.5281-zenodo.21158949,,,False,draft,,?,?,Added from Zotero via Zenodo API
466,Magic Valence: A Primer on Stabiliser Orbit Classification,10.5281/zenodo.20956666,20956666,10.5281-zenodo.20956666,A|F,magic|stabiliser|orbit|fano|wigner|clifford|origami-isa|valence,True,published,,B,MED,Orbit primer; check SWAP-class count vs Paper 467
467,Magic Orbits: SWAP-Class Classification of Three-Qubit Magic States,10.5281/zenodo.20956668,20956668,10.5281-zenodo.20956668,A|F,magic|orbits|swap-class|three-qubit|fano|wigner|dark-magic|genuine-magic,False,published,,B,MED,Fix fidelity claim (1/4 vs 1/2) before upload
468,Resource Theory as Circuit Syntax: The Origami ISA as a Coloured PROP,10.5281/zenodo.20955514,20955514,10.5281-zenodo.20955514,A,resource-theory|prop|coloured-prop|circuit-syntax|monoidal-category|frobenius|zx-calculus|origami-isa|dark-magic|stabiliser,True,published,,A,MED,Published ✓ DOI confirmed 2026-06-27; dark magic counit corrected; graded ZX+T presentation
469,ISA Completeness: Nine Normal Forms for the Three-Qubit Fragment,10.5281/zenodo.21219699,21219699,10.5281-zenodo.21219699,A|F,isa-completeness|nine-normal-forms|three-qubit|prop|rewrite|dark-magic|stabiliser,False,published,,A,LOW,Published ✓ DOI 21219698 (batch July 2026); 9 classes: 1 stab + 6 dark + 2 genuine proved
470,Hot Logic: A Complete Magic Resource Theory,10.5281/zenodo.21219701,21219701,10.5281-zenodo.21219701,A|F,hot-logic|magic-resource-theory|dark-magic|tv-monotone|three-tier|wigner|origami-isa,False,published,,A,LOW,Published ✓ DOI 21219700 (batch July 2026); TV complete monotone; 3-tier stab/dark/genuine classification
471,The Wigner Defect Conservation Law,10.5281/zenodo.21219703,21219703,10.5281-zenodo.21219703,A|F,wigner-function|wigner-defect|conservation-law|magic|dark-magic|stabiliser|symplectic|origami-isa|resource-theory,False,published,,A,HIGH,Published ✓ DOI 21219702 (batch July 2026); TV/N/Wigner-mass N-independent invariants proved
472,The Cookie-Cutter Lifting Programme: Shor as a Clifford Circuit,10.5281/zenodo.21219705,21219705,10.5281-zenodo.21219705,A|F,shor|clifford|lifting|qft|hidden-subgroup|naqft|twist|magic|mana|eigenphase|origami-isa,False,published,,A,HIGH,Published ✓ DOI 21219704 (batch July 2026); Shor mana=0 proved; two-roads framing
473,The Projective Hierarchy of Computation,10.5281/zenodo.21219706,21219706,10.5281-zenodo.21219706,A|F,projective-hierarchy|clifford|magic|simulability|grover|palmer|invariant-set|eigenphase|mana|twist|origami-isa,True,published,,A,HIGH,Published ✓ DOI 21219706 (batch July 2026); classical/Clifford/magic as β-projections of Meld
474,The Halting Problem as an ISA Programme,10.5281/zenodo.20955540,20955540,10.5281-zenodo.20955540,A|E,halting-problem|turing|navier-stokes|blowup|frobenius|monoidal-category|snap-event|tao|cardona-miranda|lawvere|undecidability|origami-isa,False,notes,,B,MED,Categorical undecidability — notes complete; write LaTeX after 471-473
475,Structural Risk Minimisation and the MGE,TBD,,TBD,A,srm|mge|vapnik|vc-dimension|beta-crystallisation|tropical-kernel|lupi|stabiliser|support-vector,False,notes,,B,MED,SRM-MGE dictionary complete; srm_bound() proposed; no LaTeX started
476,The Clifford Hierarchy as Group Cohomology,10.5281/zenodo.21219713,21219713,10.5281-zenodo.21219713,A|F,clifford-hierarchy|group-cohomology|schur-multiplier|symplectic|metaplectic|twist|magic|obstruction|eastin-knill|origami-isa,True,published,,A,HIGH,Published ✓ DOI 21219712; T gate = H²(Sp(4 F₂);Z₂) generator; TWIST as Schur multiplier certificate
477,The Three Forms of the Maslov-Gibbs Einsum,10.5281/zenodo.21225240,21225240,10.5281-zenodo.21225240,A|F,mge|maslov|clifford|tropical|metaplectic|stabiliser|h0|h1|h2|weil-representation|twist|origami-isa,True,published,,A,HIGH,Published ✓ DOI 21219718; H⁰=tropical P / H¹=Clifford BPP / H²=metaplectic with Maslov index correction
478,Cohomological Obstruction Theory for Derivatives Pricing,10.5281/zenodo.21219720,21219720,10.5281-zenodo.21219720,A|G,derivatives-pricing|cohomology|h0|h1|h2|arbitrage|gauge-theory|credit-derivatives|correlation|2008-crisis|obstruction-theory|soitheach-folamh,True,published,,A,MED,Published ✓ DOI 21219720; H⁰=spot H¹=options H²=CDO²; 2008 = H² obstruction (Soitheach Folamh)
479,"Quantum Information Protocols Through the ISA Lens: Teleportation, Superdense Coding, and Bell Tests from H¹ to H³",10.5281/zenodo.21158961,21158961,10.5281-zenodo.21158961,,,False,draft,,?,?,Added from Zotero via Zenodo API
480,Quantum Error Correction as Cohomological Encoding,10.5281/zenodo.21164007,21164007,10.5281-zenodo.21164007,B|F,qec|cohomology|steane-code|css-codes|topological-codes|toric-code|chain-complex|h0|h1|h2|beta-threshold,False,published,,A,MED,Published ✓ DOI 21164006; QEC codes = chain complexes; logical qubits = homology classes; β* threshold
480,Quantum Error Correction as Cohomological Encoding,10.5281/zenodo.21164006,21164006,10.5281-zenodo.21164006,,,True,published,,B,MED,Recovered from existing website folders
487,Valence as Orbit Occupancy,10.5281/zenodo.21219722,21219722,10.5281-zenodo.21219722,A|B,valence|orbit-occupancy|aufbau|hund-rules|taube|fano|coordination-chemistry|f-block|d-block|g-walk|site-symmetry|representation-theory,False,published,,A,LOW,Published ✓ DOI 21219722; Aufbau/Hund/Taube/Fano as orbit theorems; 98.6% vs DFT across s/p/d/f
488,G-Walk Chemistry,10.5281/zenodo.21224107,21224107,10.5281-zenodo.21224107,A|B,g-walk-chemistry|coordination-chemistry|dft|spin-crossover|femoco|nitrogenase|orbit-representation-theory|isa|twist-opcode|fe-sco|metalloprotein,False,published,,A,LOW,Published ✓ DOI 21224107; 90% L0 / 100% L1 vs DFT 50-85% on 20 Fe(II) SCO; FeMoco 14-opcode programme
489,Orbit Computing,10.5281/zenodo.21224109,21224109,10.5281-zenodo.21224109,A|C,orbit-computing|fourth-paradigm|g-orbit|molecular-computation|decoherence-immunity|room-temperature|quantum-computing|isa|group-theory,False,published,,A,LOW,Published ✓ DOI 21224109; 4th paradigm; room-temperature; structural decoherence immunity
490,G-Walk Protein Design,10.5281/zenodo.21224111,21224111,10.5281-zenodo.21224111,A|B,g-walk-protein-design|metalloenzyme|alphafold|proteinmpnn|haemoglobin|psii|rnr|orbit-design|catalysis|cooperativity|hill-coefficient,False,published,,A,LOW,Published ✓ DOI 21224111; Hb n_H=3.29 (exp 2.8); PSII C₁ dangler rule; RNR 5/5; inverse pipeline
491,G-Walk Chemistry as the Tropical Degeneration of Density Functional Theory,10.5281/zenodo.21224113,21224113,10.5281-zenodo.21224113,A|B,g-walk-chemistry|tropical-geometry|dft|tropical-degeneration|tanabe-sugano|derivative-discontinuity|newton-polytope|spin-crossover|tropical-variety,True,published,,A,LOW,Published ✓ DOI 21224113; Tanabe-Sugano = tropical variety; derivative discontinuity = tropical singularity; 20/20
492,The Langlands Correspondence for G-Walk Chemistry: G-Local Systems on Molecular Graphs,10.5281/zenodo.21224115,21224115,10.5281-zenodo.21224115,,,False,draft,,?,?,Added from Zotero via Zenodo API
493,Cytochrome P450 as a Programmable Orbit Computer: Substrate Selectivity via Orbit Occupancy,10.5281/zenodo.21224117,21224117,10.5281-zenodo.21224117,,,False,draft,,?,?,Added from Zotero via Zenodo API
502,The ISA Completeness Theorem: Every Physical Transformation is an Origami ISA Programme,10.5281/zenodo.21224121,21224121,10.5281-zenodo.21224121,,,False,draft,,?,?,Added from Zotero via Zenodo API
506,The Fano Plane as a Room-Temperature Quantum Error-Correcting Code,10.5281/zenodo.21261815,21261815,10.5281-zenodo.21261815,,,False,draft,,?,?,Added from Zotero via Zenodo API
509,Metabolism as Computation: Biochemical Pathways as Origami ISA Programmes,10.5281/zenodo.21219724,21219724,10.5281-zenodo.21219724,A|B,metabolism|biochemistry|isa|glycolysis|krebs-cycle|electron-transport|calvin-cycle|nitrogen-fixation|atp|cofactor|origami-isa|orbit-opcode|h0|h1|aerobic|anaerobic,True,published,,A,LOW,Published ✓ DOI 21219724; 18-fold ATP gap = H⁰ vs H¹ programme; cofactor = opcode theorem
510,"Proofreading Is Error Correction: Kinetic Proofreading, the Forge ISA, and Why Biology Achieves Near-Threshold Fidelity in a Thermal Bath",10.5281/zenodo.21300655,21300655,10.5281-zenodo.21300655,,,False,draft,,?,?,Added from Zotero via Zenodo API
511,"The Missing Middle Term: Von Neumann's Constructor, Turing's Morphogen, and the H^k Architecture of Biological Self-Reproduction",10.5281/zenodo.21300657,21300657,10.5281-zenodo.21300657,,,False,draft,,?,?,Added from Zotero via Zenodo API
512,Tao's Navier-Stokes Turing Completeness as an H1 ORBIT Programme with H2 Obstruction Classes,10.5281/zenodo.21219726,21219726,10.5281-zenodo.21219726,,,False,draft,,?,?,Added from Zotero via Zenodo API
515,Levinthal Resolved: Protein Folding as an H⁰/H¹/H² Hierarchical Programme and the Precise Boundary of AlphaFold,10.5281/zenodo.21345098,21345098,10.5281-zenodo.21345098,,,False,draft,,?,?,Added from Zotero via Zenodo API
520,The Amplituhedron as an Origami ISA Programme: BCFW Recursion as SPLIT/SPLAT on the Positive Grassmannian,10.5281/zenodo.21261817,21261817,10.5281-zenodo.21261817,,,False,draft,,?,?,Added from Zotero via Zenodo API
523,"Lattice Gauge Theory as an ORBIT ISA Programme: Wilson Loops, Deconfinement, and the 't Hooft Anomaly as H^k Obstructions",10.5281/zenodo.21345100,21345100,10.5281-zenodo.21345100,,,False,draft,,?,?,Added from Zotero via Zenodo API
528,"Information Geometry as the H^k Ladder: Fisher Metrics, Alpha-Connections, and Quantum Holonomy in the Origami ISA",10.5281/zenodo.21261819,21261819,10.5281-zenodo.21261819,,,False,draft,,?,?,Added from Zotero via Zenodo API
532,"Seniority as the H¹ Invariant of Correlated Electrons: Pairing Correlations, BCS, and the Mott Transition",10.5281/zenodo.21300661,21300661,10.5281-zenodo.21300661,,,False,draft,,?,?,Added from Zotero via Zenodo API
533,Machine Code for Nature: The Origami Instruction Set Architecture as a Universal Opcode Language of Physical Law,10.5281/zenodo.21345103,21345103,10.5281-zenodo.21345103,,,False,draft,,?,?,Added from Zotero via Zenodo API
534,Programme Depth as Perturbation Order: The Dyson Series as an ORBIT Extension in the Origami ISA,10.5281/zenodo.21219728,21219728,10.5281-zenodo.21219728,,,False,draft,,?,?,Added from Zotero via Zenodo API
535,The Wilson Renormalisation Group as an Origami ISA Programme: Fixed Points as Stable Orbits,10.5281/zenodo.21219730,21219730,10.5281-zenodo.21219730,,,False,draft,,?,?,Added from Zotero via Zenodo API
536,"The Standard Model Through the ISA Lens: Gauge Symmetry, Higgs as SPLAT, and Confinement as ORBIT Closure",10.5281/zenodo.21219736,21219736,10.5281-zenodo.21219736,,,False,draft,,?,?,Added from Zotero via Zenodo API
540,"Graph Theory as an ISA Programme: Chromatic Polynomials, Tutte Invariants, and Shannon Capacity from Orbit Closure",10.5281/zenodo.21261821,21261821,10.5281-zenodo.21261821,,,False,draft,,?,?,Added from Zotero via Zenodo API
542,Incentive Geometry: Cohomological Obstructions to Cooperation and the Design of Closing Mechanisms,10.5281/zenodo.21219738,21219738,10.5281-zenodo.21219738,,,False,draft,,?,?,Added from Zotero via Zenodo API
543,The Adelic Beta-Plane: A Unified Parameter Space for Classical Statistical Quantum and p-adic Computation,10.5281/zenodo.21245459,21245459,10.5281-zenodo.21245459,A,complex-beta-plane|adelic|mge|pt-symmetry|population-inversion|p-adic|ambient|meld|forge|origami|tropical|maslov|exceptional-point|palmer|quantum-chaos,True,published,,A,LOW,Published ✓ DOI 21245459 (July 2026); LaTeX v0.1 9pp
548,G-Walk Nucleonics: Nuclear Reactions as Orbit-Occupancy Programmes in the Origami ISA,10.5281/zenodo.21249152,21249152,10.5281-zenodo.21249152,A|E,nuclear-physics|shell-model|magic-numbers|cno-cycle|r-process|tropical-geometry|origami-isa|g-walk|nucleosynthesis|kilonova|gw170817|trs-framework,True,published,,A,LOW,Published ✓ DOI 21249152 (July 2026); magic numbers/r-process/isomers as ORBIT/TWIST opcodes
549,The Adelic Atom: Thomas-Fermi Shell Oscillations L-functions and the Geometry of the Critical Strip,10.5281/zenodo.21301603,21301603,10.5281-zenodo.21301603,A,adelic-atom|riemann-hypothesis|l-functions|thomas-fermi|fefferman-seco|selberg-trace|number-theory|atomic-physics|h-k-ladder|trs-framework|p-adic|zeta-function|plethystic-exponential|oeis,False,published,,A,MED,Published ✓ DOI 21301603 (July 2026); FS8 aperiodicity ≡ RH; H² obstruction = zeta zeros; OEIS sequence submitted
550,Mean-Field Theory as an H^k ISA Programme: From Thomas-Fermi to the Adelic Atom,10.5281/zenodo.21250670,21250670,10.5281-zenodo.21250670,A,mean-field-theory|thomas-fermi|scott-correction|schwinger|fefferman-seco|adelic-atom|number-theory|riemann-zeta|van-der-corput|h-k-ladder|trs-framework|quantum-chemistry|atomic-physics,True,published,,A,LOW,Published ✓ DOI 21250670 (July 2026); each H^k step halves error (TF 23.9%→Scott 16.2%→Schwinger 9.8%)
551,Mean-Field Breakdown Exceptional Geometry and H2 Universality,10.5281/zenodo.21427824,21427824,10.5281-zenodo.21427824,B|E,mean-field|exceptional-geometry|universality|h-k-ladder|isa,False,published,,B,HIGH,Published ✓; mean-field collapse at H^2 threshold; exceptional points
551,"The Adelic Atom: L-Functions, Selberg Trace, and the Riemann Hypothesis via Thomas-Fermi ISA",10.5281/zenodo.21301604,21301604,10.5281-zenodo.21301604,,,True,published,,B,MED,Recovered from existing website folders
552,"Choreographic Solutions to the N-Body Problem as Origami ISA Programmes: Adams' Theorem, Fano Geometry, and G2 Symmetry",10.5281/zenodo.21261823,21261823,10.5281-zenodo.21261823,,,False,draft,,?,?,Added from Zotero via Zenodo API
555,Perfectness of the Pauli Commutation Graph Resolves the Triply Efficient Shadow Tomography Conjecture,10.5281/zenodo.21261825,21261825,10.5281-zenodo.21261825,,,False,draft,,?,?,Added from Zotero via Zenodo API
557,"Markov Chain Monte Carlo as an H^k Ladder: Metropolis, Hastings, Hamilton, and the NUTS Snap Event",10.5281/zenodo.21300671,21300671,10.5281-zenodo.21300671,,,False,draft,,?,?,Added from Zotero via Zenodo API
558,"Extreme Value Theory as an H^k Ladder: Gumbel, Frechet, Weibull, and the Topology of Tail Risk",10.5281/zenodo.21300673,21300673,10.5281-zenodo.21300673,,,False,draft,,?,?,Added from Zotero via Zenodo API
560,ISA-Guided Active Space Selection: H^k Orbital Stratification Automates CASSCF,10.5281/zenodo.21300679,21300679,10.5281-zenodo.21300679,,,False,draft,,?,?,Added from Zotero via Zenodo API
563,The Condensed Matter Amplituhedron: CASSCF Wavefunctions as Geodesics on the Grassmannian,10.5281/zenodo.21277815,21277815,10.5281-zenodo.21277815,A|B,grassmannian|casscf|schmidt-decomposition|amplituhedron|hubbard-model|mott-transition|correlation-energy|h-k-ladder|trs-framework|quantum-chemistry|condensed-matter,True,published,,A,HIGH,Published ✓ DOI 21277815; θ_G snap at 20° universal across H₂/H₂O/N₂/Hubbard; tropical amplituhedron = HF floor
568,Schrodinger's Equation on the Grassmannian: The Correct Action Principle for Correlated Wavefunctions,10.5281/zenodo.21277819,21277819,10.5281-zenodo.21277819,A|B,grassmannian|schrodinger|action-principle|casscf|schmidt-decomposition|fubini-study|correlation|many-body|trs-framework|quantum-chemistry,False,published,,A,MED,Published ✓ DOI 21277819; action = Fubini-Study line element; geodesics = CASSCF ground-state paths
570,A Universal Theory of Chemical Bonding from the Grassmannian,10.5281/zenodo.21277821,21277821,10.5281-zenodo.21277821,A|B,chemical-bonding|grassmannian|schmidt-decomposition|casscf|lewis-theory|mo-theory|vb-theory|resonance|benzene|noon-bond-order|h-k-ladder|trs-framework|quantum-chemistry,True,published,,A,HIGH,Published ✓ DOI 21277821; 3 ISA descriptors unify Lewis/MO/VB; benzene ΔE_res=54.5 mEh (exp 57.4); NOON BO within 0.15
571,The ISA Chain Complex: Khovanov Homology from Opcode Programmes,10.5281/zenodo.21278536,21278536,10.5281-zenodo.21278536,,,False,draft,,?,?,Added from Zotero via Zenodo API
572,The Kuperberg G2 Spider is the BIND Calculus,10.5281/zenodo.21278538,21278538,10.5281-zenodo.21278538,,,True,draft,,?,?,Added from Zotero via Zenodo API
574,The Grassmannian as the Common Parent of Bonding and Scattering,10.5281/zenodo.21279006,21279006,10.5281-zenodo.21279006,A|B|E,grassmannian|bonding|scattering|amplituhedron|twistor|leading-singularity|unitarity|h-k-ladder|trs-framework|quantum-chemistry|high-energy-physics,True,published,,A,MED,Published ✓ DOI 21279006; θ_G=twistor coord; n_bond=leading singularity; H₀₁=unitarity cut; β*=spurious pole
575,Nuclear Bonding as H2: The ISA Theory of the Strong-Force Bond,10.5281/zenodo.21279217,21279217,10.5281-zenodo.21279217,A|E,nuclear-bonding|tensor-force|deuteron|pion-exchange|hoyle-state|h2-obstruction|bind-opcode|nuclear-physics|h-k-ladder|trs-framework,True,published,,A,MED,Published ✓ DOI 21279217; deuteron θ_G≈13°; (TWIST)²=BIND from pion exchange; Hoyle state = two-level ISA
577,Quantum Error Correction as Parallel Transport on the Grassmannian,10.5281/zenodo.21284199,21284199,10.5281-zenodo.21284199,A|F,quantum-error-correction|grassmannian|parallel-transport|stabiliser-codes|eastin-knill|knill-laflamme|fubini-study|fault-tolerance|beta-snap|chain-complex|h-k-ladder|trs-framework,False,published,,A,HIGH,Published ✓ DOI 21284199; QEC code=Grassmannian point; d=Fubini-Study distance; Eastin-Knill=π₂(Gr)=ℤ obstruction
578,Spectroscopy Is a Limit Bonding Is a Colimit: The Categorical Foundation of the H^k Ladder,10.5281/zenodo.21284201,21284201,10.5281-zenodo.21284201,A|B|F,category-theory|kan-extension|adjunction|hilbert-syzygy|spectroscopy|bonding|grassmannian|qec|langlands|h-k-ladder|trs-framework,True,published,,A,HIGH,Published ✓ DOI 21284201; Lan⊣Spec adjunction; H²=Hilbert syzygy theorem; 3-tier termination proved
579,Conical Intersections as ISA Handoff Points,10.5281/zenodo.21300683,21300683,10.5281-zenodo.21300683,,,False,draft,,?,?,Added from Zotero via Zenodo API
580,The Grassmannian of Systematic Risk: Factor Models Contagion and the 2008 Crisis,10.5281/zenodo.21284204,21284204,10.5281-zenodo.21284204,A|G,grassmannian|systematic-risk|factor-models|contagion|2008-crisis|geodesic-collapse|h-k-ladder|trs-framework|finance|risk-management,True,published,,A,MED,Published ✓ DOI 21284204; risk factors=Gr(k n) points; contagion=geodesic collapse; 2008=β* snap; 66° diagnosis
586,The Periodic Table as an ISA Programme,10.5281/zenodo.21300685,21300685,10.5281-zenodo.21300685,,,False,draft,,?,?,Added from Zotero via Zenodo API
587,Closure and Transition: A Minimal Model of Chemistry and Nuclear Physics,10.5281/zenodo.21300653,21300653,10.5281-zenodo.21300653,,,False,draft,,?,?,Added from Zotero via Zenodo API
588,The Topological Active Space: Weak Lifting and C/T Skeleton Pre-Screening for CASSCF,10.5281/zenodo.21300667,21300667,10.5281-zenodo.21300667,A|C|F,topological-active-space|casscf|natural-orbital-occupancies|weak-lifting-theorem|ct-skeleton|quantum-chemistry|multi-reference|correlation-energy|noon|flats|h-k-ladder|trs-framework,False,published,,A,HIGH,Published ✓ DOI 21300667; STRONG PASS 10/10 r=-0.979; upstream of autoCAS/AVAS/DMET; C/T from MGE saddle point
588,The Topological Active Space: Weak Lifting and C/T Skeleton Pre-Screening for CASSCF,10.5281/zenodo.21300668,21300668,10.5281-zenodo.21300668,,,True,published,,B,MED,Recovered from existing website folders
591,Categorical Foundations of the Origami Instruction Set Architecture,10.5281/zenodo.21300689,21300689,10.5281-zenodo.21300689,,,False,draft,,?,?,Added from Zotero via Zenodo API
594,Grassmannian Compression: Active Space Selection as Geometry Transport and Topology,10.5281/zenodo.21309088,21309088,10.5281-zenodo.21309088,A|C|F,grassmannian|active-space|berry-phase|maslov-index|casscf|parallel-transport|schubert-variety|natural-orbital-occupancies|quantum-chemistry|maximum-entropy|jaynes|fubini-study|h-k-ladder|trs-framework,False,published,,A,HIGH,Published ✓ DOI 21309088; C/T sCeleTon=Gr(k n) point from MaxEnt; CASSCF=parallel transport; NOON snaps=Schubert crossings; Maslov≠Berry proved
594,"Grassmannian Compression: Active Space Selection as Geometry, Transport, and Topology",10.5281/zenodo.21309089,21309089,10.5281-zenodo.21309089,,,True,published,,B,MED,Recovered from existing website folders
595,Weyl Chamber Homology and the Topology of Two-Qubit Gate Space,10.5281/zenodo.21345106,21345106,10.5281-zenodo.21345106,A|C|F,weyl-chamber|bredon-cohomology|two-qubit-gates|grassmannian|steane-code|cnot|iswap|topology|quantum-computing|h-k-ladder|trs-framework,False,published,,A,MED,Published ✓ DOI 21345106; Bredon χ=2(2-qubit) vs 0(3-qubit); CNOT/iSWAP topological distinction; Fano Steane L={3 5}
595,Weyl Chamber Homology: Bredon Cohomology of the Two-Qubit Gate Polytope,10.5281/zenodo.21345107,21345107,10.5281-zenodo.21345107,,,True,published,,B,MED,Recovered from existing website folders
596,Weyl-Stratified Active Space Compression: Topological Routing of Orbital Pairs to Exact Correlation Methods,10.5281/zenodo.21346033,21346033,10.5281-zenodo.21346033,A|C,weyl-chamber|active-space|casscf|dft|multi-reference|grassmannian|noon|topological-routing|isa|quantum-chemistry|flats|h-k-ladder|trs-framework,False,published,,A,HIGH,Published ✓ DOI 21346033; r=0.990 DFT failure predictor; MGE soft router β_eff=Δ_HL/(2S+1); δ*=(π/4)√α; JCTC target
596,Weyl-Stratified Active Space Compression: Topological Routing of Orbital Pairs to Exact Correlation Methods,10.5281/zenodo.21346077,21346077,10.5281-zenodo.21346077,,,True,published,,B,MED,Recovered from existing website folders
597,In Praise of Soft Thresholds: Every Hard Threshold Is a Zero-Temperature Limit and the Finite-Temperature Version Is Almost Always Better,10.5281/zenodo.21373468,21373468,10.5281-zenodo.21373468,A|C,thermodynamics|mgm|soft-threshold|dft|casscf|weyl-routing,False,published,,A,HIGH,Published ✓ DOI 21373468; hard threshold=T→0 limit; MGE finite-β better; δ*=(π/4)√α
598,The Orbit Processing Unit: Schubert Cells SVD Memory and Turing Completeness on the Grassmannian,10.5281/zenodo.21360837,21360837,10.5281-zenodo.21360837,A|C,opu|grassmannian|schubert-cells|noon-spectrum|berry-phase|turing-completeness|casscf|quantum-chemistry|computing|h-k-ladder|trs-framework,False,published,,A,HIGH,Published ✓ DOI 21360837; OPU=RPU on Gr(k n); Schubert cells=alphabet; NOON=memory; β* snap=halt; FeMoco/ribosome/FMO as natural OPUs
598,"The Orbit Processing Unit: Schubert Cells, SVD Memory, and Turing Completeness on the Grassmannian",10.5281/zenodo.21360838,21360838,10.5281-zenodo.21360838,,,True,published,,B,MED,Recovered from existing website folders
600,Symmetry First: ISA-Conditioned Protein Structure Prediction via Group-Theoretic Active Site Pre-Screening,10.5281/zenodo.21360839,21360839,10.5281-zenodo.21360839,A|C|E,alphafold|protein-structure|symmetry|active-site|metalloenzyme|isa|group-theory|h-k-ladder|trs-framework|ai-ml,False,published,,A,MED,Published ✓ DOI 21360839; G_fold from stoichiometry (zero compute); 90.7% symmetry recovery; 8/8 metalloenzyme geometry
601,Folding Kinetics Through the ISA Lens: A Three-Factor Rate Equation from Cohomological Tier,10.5281/zenodo.21428847,21428847,10.5281-zenodo.21428847,A|E,protein-folding|kinetics|isa|h-k-ladder,False,published,,A,HIGH,Published ✓; three-factor rate equation from H^k tiers; cohomological grading
603,The G-Step Programme for CO2 Fixation: Beyond the Biological Optimum via Spin-Orbit Engineering External Fields and Substrate Interception,10.5281/zenodo.21373476,21373476,10.5281-zenodo.21373476,A|E,carbon-fixation|catalysis|spin-orbit|isa|chemistry,False,published,,A,HIGH,Published ✓ DOI 21373476; CO₂ fixation via spin-orbit engineering
604,The Trapped-Ion Processor as an Orbit Processing Unit: MS Gates Grassmannian Geodesics and the BIND Resource Theory of Quantum Advantage,10.5281/zenodo.21360906,21360906,10.5281-zenodo.21360906,A|C,trapped-ion|ms-gate|bind|opu|grassmannian|quantum-advantage|kak-decomposition|ionq|quantinuum|bind-depth|h-k-ladder|trs-framework|hardware,False,published,,A,HIGH,Published ✓ DOI 21360906; MS gate=BIND on Gr(k 2N); KAK≤3 BINDs; 99.9% fidelity=β* snap; BIND depth=quantum advantage metric
605,One Programme Many Backends: The Origami ISA as a Hardware-Independent Quantum Programming Language,10.5281/zenodo.21360908,21360908,10.5281-zenodo.21360908,A|C,quantum-programming|isa|pennylane|bind-count|hardware-independent|clifford|berry-phase|qft|shor|rosetta-stone|h-k-ladder|trs-framework,False,published,,A,HIGH,Published ✓ DOI 21360908; ISA Rosetta Stone IonQ/IBM/neutral-atom; QFT has 0 BINDs; Shor speedup is H1 not H2
605,"One Programme, Many Backends: The Origami ISA as a Hardware-Independent Quantum Programming Language",10.5281/zenodo.21360909,21360909,10.5281-zenodo.21360909,,,True,published,,B,MED,Recovered from existing website folders
606,The Schubert Halt Condition: When CASSCF Knows to Stop and DFT Knows to Fail - Natural Orbital Occupation Numbers as OPU Memory,10.5281/zenodo.21373480,21373480,10.5281-zenodo.21373480,A|C,casscf|dft|schubert-cells|noon|opu|quantum-chemistry,False,published,,A,HIGH,Published ✓ DOI 21373480; Schubert halt theorem; NOON as OPU memory
607,Footprints Fibres and the ISA Chain Complex: Diagrammatic Quantum Error Correction as H^k Cohomology,10.5281/zenodo.21372998,21372998,10.5281-zenodo.21372998,B|C,qec|diagrammatic|chain-complex|cohomology|h-k-ladder,False,published,,A,HIGH,Published ✓; diagrammatic QEC as ISA cohomology; fibrewise locality theorem
609,The Financial 6j Symbol: Six Manifestations of the H2 Obstruction in Markets,10.5281/zenodo.21428855,21428855,10.5281-zenodo.21428855,A|D,finance|h-k-ladder|6j-symbol|obstruction|markets,False,published,,A,HIGH,Published ✓; financial applications of H^2 topology
615,Forge-ZX: A Diagrammatic Calculus for Thermal Quantum Circuits,10.5281/zenodo.21427822,21427822,10.5281-zenodo.21427822,A|C,diagrammatic|thermal|quantum-circuits|forge|isa,False,published,,A,HIGH,Published ✓; ZX calculus extended to thermal regime; Forge ISA
615,The Raven ISA: Enzymes as Molecular Programs,10.5281/zenodo.21416925,21416925,10.5281-zenodo.21416925,,,True,published,,B,MED,Recovered from existing website folders
618,The Knot ISA: Laws of Form Q-Calculus and Thermodynamic Deformation of Logical Operators,10.5281/zenodo.21416907,21416907,10.5281-zenodo.21416907,A|B,knot-theory|isa|laws-of-form|q-calculus,False,published,,A,HIGH,Published v0.1 ✓; Laws of Form as ISA; Q-calculus deformation
619,The Motive ISA: Five Opcodes for Dissipative Thermodynamic Systems,10.5281/zenodo.21416909,21416909,10.5281-zenodo.21416909,A|B,thermodynamics|dissipative-systems|opcodes|motive-isa,False,published,,A,HIGH,Published v0.1 ✓; Motive ISA for dissipative systems
620,Hecke Algebras Kazhdan-Lusztig Polynomials and the Weyl Routing Theorem,10.5281/zenodo.21372928,21372928,10.5281-zenodo.21372928,B|F,representation-theory|weyl|routing|hecke-algebras|h-k-ladder,False,published,,B,HIGH,Published ✓; Weyl routing from Kazhdan-Lusztig; hard threshold as T→0 limit
621,The Rising Sea ISA: The ISA Hierarchy as a Fibred Lawvere Theory over the Beta-Plane,10.5281/zenodo.21416912,21416912,10.5281-zenodo.21416912,A|B,isa|lawvere-theory|fibred|beta-plane|categorical,False,published,,A,HIGH,Published v0.1 ✓; ISA hierarchy as fibred Lawvere theory
622,The Pentagon ISA: Confluence Coherence and Uniqueness for the Carnot Instruction Set Architecture,10.5281/zenodo.21416915,21416915,10.5281-zenodo.21416915,A|B,foundations|category-theory|coherence|confluence|prop|monoidal|pentagon|isa,False,published,,A,HIGH,Published v0.1 ✓; 7 relations R1-R7 form confluent/terminating rewriting system; H^k type system enforces confluence via colour-grading; 2201 well-typed strings verified zero failures (x622a); uniqueness via diamond lemma; five coherence conditions = five sides of Mac Lane pentagon
622,"The Pentagon ISA: Confluence, Coherence, and Uniqueness for the Motive Instruction Set Architecture",10.5281/zenodo.21416916,21416916,10.5281-zenodo.21416916,,,True,published,,B,MED,Recovered from existing website folders
625,The ISA Applied to Itself: Renormalisation Group as a Fixed-Point Tower of Cohomological Tiers,10.5281/zenodo.21373482,21373482,10.5281-zenodo.21373482,B|E,renormalisation-group|fixed-point|cohomological|isa-self-application,False,published,,A,HIGH,Published ✓; RG as ISA fixed-point tower
626,The Four-Body Threshold: Universal Computation from Pair-of-Pairs Interactions,10.5281/zenodo.21428849,21428849,10.5281-zenodo.21428849,B|F,universal-computation|four-body|threshold|interactions,False,published,,A,HIGH,Published ✓; four-body interactions enable universal computation
631,Origami: An Open Instruction Set Architecture for Quantum Computing,10.5281/zenodo.21428853,21428853,10.5281-zenodo.21428853,A|C,isa|origami|quantum-computing|instruction-set|open-source,True,published,,A,HIGH,Published ✓; open Origami ISA manifesto; instruction-set specification
636,The Raven ISA: Enzymes as Molecular Programs,10.5281/zenodo.21416924,21416924,10.5281-zenodo.21416924,A|E,enzyme|isa|raven-isa|molecular-programs|catalysis,False,published,,A,HIGH,Published v0.1 ✓; Raven ISA for enzyme kinetics
652,Twistor Chemistry I: The Madelung Rule as Pic(CP³),10.5281/zenodo.21479618,21479618,10.5281-zenodo.21479618,A|B|E,twistor-theory|madelung-rule|periodic-table|picard-group|line-bundles|so42|su22|algebraic-geometry|quantum-chemistry|shell-structure,False,published,,A,HIGH,Published ✓; Madelung rule derived from Pic(CP³)=ℤ unique ordering; hydrogen orbitals as O(n-1) sections; anomalies from near-degenerate bundles
653,Twistor Chemistry II: Origami ISA as the Cohomology of n-Twistor Systems,10.5281/zenodo.21479624,21479624,10.5281-zenodo.21479624,A|B|E,twistor-theory|grassmannian|sheaf-cohomology|casscf|origami-isa|schubert-calculus|borel-weil-bott|n-twistor-systems|amplituhedron|gelfand-tsetlin|beta-deformation|tropical-geometry,False,published,,A,HIGH,Published ✓; ISA H^k = H^k(Gr(k n) S^∨); answers Hughston 1979 §10.6 open problem; GT polytope ≠ Speyer-Sturmfels fan; β-duality amplituhedron↔CASSCF
602,Hecke Algebras Kazhdan-Lusztig Polynomials and the Weyl Routing Theorem,10.5281/zenodo.21372929,21372929,10.5281-zenodo.21372929,A|B,representation-theory|weyl|routing|hecke-algebras|h-k-ladder|kazhdan-lusztig,False,published,,A,HIGH,Published ✓; Weyl routing from Kazhdan-Lusztig; hard threshold as T→0 limit
608,The ISA Applied to Itself: Renormalisation Group as a Fixed-Point Tower of Cohomological Tiers,10.5281/zenodo.21373483,21373483,10.5281-zenodo.21373483,A|B,renormalisation-group|fixed-point|cohomological|isa-self-application|h-k-ladder,False,published,,A,HIGH,Published ✓; RG as ISA fixed-point tower; self-referential application
611,Mean-Field Breakdown Exceptional Geometry and H^2 Universality,10.5281/zenodo.21427824,21427824,10.5281-zenodo.21427824,A|B,mean-field|exceptional-geometry|h2|universality|phase-transition|h-k-ladder,False,published,,A,HIGH,Published ✓; mean-field breakdown via H^2 obstruction; exceptional geometry
614,G2 Snap Thresholds: Why the 3- 5- and 7-Qubit Codes Are Canonical,10.5281/zenodo.21401321,21401321,10.5281-zenodo.21401321,A|C,g2|snap-thresholds|qec|qubit-codes|canonical|h-k-ladder,False,published,,A,HIGH,Published ✓; G₂ snap thresholds explain canonicity of 3/5/7-qubit codes
632,The Financial 6j Symbol: Six Manifestations of the H2 Obstruction in Markets,10.5281/zenodo.21428855,21428855,10.5281-zenodo.21428855,A|D,finance|h-k-ladder|6j-symbol|obstruction|markets|h2,False,published,,A,HIGH,Published ✓; financial applications of H^2 topology; six market manifestations
633,The Beta-Rank Family: TropicalRank ForgeRank and MeldRank as a Unified Beta-Deformation of Pairwise Ranking,10.5281/zenodo.21479920,21479920,10.5281-zenodo.21479920,A|B,ranking|beta-deformation|tropical-geometry|hodgerank|pairwise-comparison|origami-isa|pt-symmetric|minimax|hodge-decomposition,False,published,,A,HIGH,Published ✓; TropicalRank (new β→∞)/ForgeRank=HodgeRank/MeldRank=QHodgeRank/RavenRank=complex β PT-symmetric
623,The Frog ISA: Seven Imaginary Opcodes and the Octonion O-Calculus,10.5281/zenodo.21480268,21480268,10.5281-zenodo.21480268,A|B,octonions|laws-of-form|fano-plane|g2|non-associative|origami-isa|hurwitz|exceptional-algebra|kauffman,False,published,,A,HIGH,Published ✓; O-calculus extends Q-calculus to octonions; Frog ISA = 731 calculus of Kauffman; G2 automorphism group
624,The Icosahedron ISA: A5 Symmetry Non-Solvable Gates and Geometric Error Correction,10.5281/zenodo.21480270,21480270,10.5281-zenodo.21480270,A|B|C,icosahedron|a5|non-solvable|magic-resource-theory|total-variation|origami-isa|geometric-error-correction|fano-plane|golay-code|golden-ratio,False,published,,A,HIGH,Published ✓; A5 non-solvable gate set; TV detects solvability; Fano/icosahedron/Golay/Leech ladder
627,The 4-Point Network: Bilinear Tensor Layers as the Natural Architecture for Universal Function Approximation,10.5281/zenodo.21480272,21480272,10.5281-zenodo.21480272,A|B|F,bilinear-networks|tensor-decomposition|universal-approximation|attention|fano-plane|origami-isa|bind|deep-learning|hardware,False,published,,A,HIGH,Published ✓; 4-point interactions = H2 BIND; Fano-sparse bilinear; attention = bilinear layer
628,Knowledge as a Cohomological Object: H^k Stratification Free Energy and the Four-Point Structure of Collective Intelligence,10.5281/zenodo.21480274,21480274,10.5281-zenodo.21480274,A|B|F,knowledge-representation|cohomology|collective-intelligence|free-energy-principle|origami-isa|theory-of-mind|bilinear-pooling|multi-agent|llm-alignment|friston,False,published,,A,HIGH,Published ✓; knowledge = H^k object; H1 pooling cannot represent 2nd-order beliefs; 731 BindIAC for H2
629,Agentic Consensus via Bilinear Belief Pooling: H2 Coupling of Markov Blankets in Multi-Agent Inference,10.5281/zenodo.21480276,21480276,10.5281-zenodo.21480276,A|B|F,multi-agent|belief-pooling|bilinear|free-energy-principle|markov-blanket|theory-of-mind|origami-isa|h2-bind|transformer|agentic-ai,False,published,,A,HIGH,Published ✓; BBP = H2 consensus; 3.66x improvement on 4-cycle inference; cross-attention = implicit BBP
630,The Rydberg Fano Array: Neutral-Atom Implementation of Non-Associative H2 Computing via G2 Blockade Geometry,10.5281/zenodo.21480278,21480278,10.5281-zenodo.21480278,A|C,rydberg|neutral-atom|fano-plane|g2|blockade|non-associative|bind-gate|origami-isa|quantum-hardware|mof,False,published,,A,HIGH,Published ✓; Fano blockade theorem; G2 holonomy BIND gate; >99.5% fidelity; MOF room-temperature analogue
641,Kauffman's Problems Through an Origami ISA Lens: An Exploratory Zoo of Knot Invariants,10.5281/zenodo.21480280,21480280,10.5281-zenodo.21480280,A|B,knot-theory|kauffman|jones-polynomial|khovanov-homology|alexander-polynomial|virtual-knots|origami-isa|cohomological-grading|bqp|quantum-topology,False,published,,A,HIGH,Published ✓; knot invariant ladder = ISA tiers; H1=Alexander H2=Jones/Khovanov H3+=virtual/slice/loop
642,Categorical Ladders in Physics and Topology: Baez's Dimensional Principle and the Origami ISA,10.5281/zenodo.21480282,21480282,10.5281-zenodo.21480282,A|B,n-categories|baez|dimensional-principle|origami-isa|categorical-ladder|pentagon-coherence|braided-monoidal|kac-moody|tqft|monster-group,False,published,,A,HIGH,Published ✓; ISA H^k = Baez n-category ladder; Pentagon trinity theorem; Monster = H5 structure of Leech lattice
